,Seed,Technique,Feature,Percentage,R2,RMSE
0,0,NN1,Pres,5,0.9896700600283002,0.08891207871658172
1,0,NN1,Temp,5,0.9608098828103917,0.15933445257811735
2,0,NN1,UR,5,0.9335790557936421,0.24199160406988346
3,0,NN1,Pres,10,0.9913343299312822,0.0898093213689822
4,0,NN1,Temp,10,0.9608692557151512,0.16947527009418065
5,0,NN1,UR,10,0.922629873082009,0.2666226050587896
6,0,NN1,Pres,25,0.9906955280238002,0.0934671804282426
7,0,NN1,Temp,25,0.9604962806611912,0.16941607614575593
8,0,NN1,UR,25,0.9287252170374108,0.25506304049925366
9,0,NN1,Pres,50,0.9910565711619884,0.09212697530506907
10,0,NN1,Temp,50,0.9612577617053074,0.17324157285488267
11,0,NN1,UR,50,0.925546440774643,0.259346205858422
12,1,NN1,Pres,5,0.9915042495090667,0.08926048635790235
13,1,NN1,Temp,5,0.9651952715720871,0.16288383677923202
14,1,NN1,UR,5,0.9373342360063313,0.2372219944995045
15,1,NN1,Pres,10,0.9905779569222667,0.09217031780300712
16,1,NN1,Temp,10,0.9644542384577036,0.1632916943590436
17,1,NN1,UR,10,0.9262070280642803,0.25515327256491416
18,1,NN1,Pres,25,0.9913090113534775,0.09048227352702279
19,1,NN1,Temp,25,0.9641755990743887,0.16804660141872832
20,1,NN1,UR,25,0.9282546329585879,0.2503726040988574
21,1,NN1,Pres,50,0.9908085133265236,0.09336782310920409
22,1,NN1,Temp,50,0.9624248620904504,0.17073490214731382
23,1,NN1,UR,50,0.9260469044641153,0.25431577996971977
24,2,NN1,Pres,5,0.9908365406052634,0.09258215027559769
25,2,NN1,Temp,5,0.9632011333330608,0.15957018121951563
26,2,NN1,UR,5,0.9373342360063313,0.2372219944995045
27,2,NN1,Pres,10,0.9885858517454179,0.1033409020474163
28,2,NN1,Temp,10,0.9670580872263324,0.15776284704590235
29,2,NN1,UR,10,0.9262070280642803,0.25515327256491416
30,2,NN1,Pres,25,0.9909548859439404,0.09272063724518918
31,2,NN1,Temp,25,0.9648680738506589,0.16399380416604367
32,2,NN1,UR,25,0.9282546329585879,0.2503726040988574
33,2,NN1,Pres,50,0.9910784375970082,0.0922202042781843
34,2,NN1,Temp,50,0.9631331067634034,0.16880941158804758
35,2,NN1,UR,50,0.9260469044641153,0.25431577996971977
36,3,NN1,Pres,5,0.991580431943284,0.08315588867205136
37,3,NN1,Temp,5,0.9721077993002423,0.14747213989281932
38,3,NN1,UR,5,0.9189465711727391,0.25470131091632875
39,3,NN1,Pres,10,0.9916850177306806,0.0871898521344829
40,3,NN1,Temp,10,0.9554494284110714,0.19574305663746858
41,3,NN1,UR,10,0.925203578054376,0.2559791503218434
42,3,NN1,Pres,25,0.9916752593373382,0.09063765286084594
43,3,NN1,Temp,25,0.9623222906356438,0.17408236097531501
44,3,NN1,UR,25,0.9246781261693571,0.25738809971176574
45,3,NN1,Pres,50,0.9910518744378707,0.09179593745416917
46,3,NN1,Temp,50,0.9626398462601323,0.17034945883721947
47,3,NN1,UR,50,0.9268620190745,0.2539695167175515
48,4,NN1,Pres,5,0.9922948745288147,0.08756395646157845
49,4,NN1,Temp,5,0.9642728280995571,0.1654380508743708
50,4,NN1,UR,5,0.9254600683232734,0.2649053676411037
51,4,NN1,Pres,10,0.9895620423055251,0.09947598584521493
52,4,NN1,Temp,10,0.968528904676808,0.15422437240907363
53,4,NN1,UR,10,0.9324071776543496,0.24873931159491935
54,4,NN1,Pres,25,0.9911185920857774,0.09159743704400276
55,4,NN1,Temp,25,0.959428745634424,0.17535174363391293
56,4,NN1,UR,25,0.9263171794125052,0.25364941654240314
57,4,NN1,Pres,50,0.9910244067271695,0.09225470562133282
58,4,NN1,Temp,50,0.9616696674997046,0.17135273048831726
59,4,NN1,UR,50,0.9288216461119719,0.25123670010905624
60,5,NN1,Pres,5,0.9889198862312054,0.09938803053933701
61,5,NN1,Temp,5,0.9716117150154308,0.14596999315166848
62,5,NN1,UR,5,0.9490255105520451,0.21910200700674776
63,5,NN1,Pres,10,0.9915202482668976,0.08958956516066992
64,5,NN1,Temp,10,0.9654551410463753,0.1615357400588488
65,5,NN1,UR,10,0.9301082996406678,0.24459173181729188
66,5,NN1,Pres,25,0.9903961466400174,0.09603293052370042
67,5,NN1,Temp,25,0.9657392858169778,0.1619790692136205
68,5,NN1,UR,25,0.9256191246688675,0.2590712012335564
69,5,NN1,Pres,50,0.9914363230380516,0.09050941921200654
70,5,NN1,Temp,50,0.9653997570092595,0.1634488397949536
71,5,NN1,UR,50,0.9237901843185083,0.2616041712177938
72,6,NN1,Pres,5,0.9926347899661906,0.08689911742619046
73,6,NN1,Temp,5,0.9682682928768792,0.15356879993076078
74,6,NN1,UR,5,0.9441980279616272,0.21705167920552024
75,6,NN1,Pres,10,0.9919017935149148,0.08828634593464184
76,6,NN1,Temp,10,0.9643168974632415,0.16475043060649172
77,6,NN1,UR,10,0.9289722729867234,0.24556695847224272
78,6,NN1,Pres,25,0.9909433760144027,0.09310390345614959
79,6,NN1,Temp,25,0.9632686828196557,0.16715561952716126
80,6,NN1,UR,25,0.9290837926363764,0.24766915313633872
81,6,NN1,Pres,50,0.9909347803274013,0.09283523267029584
82,6,NN1,Temp,50,0.9643788070550292,0.1663916945212609
83,6,NN1,UR,50,0.9268185371202654,0.2546104672524769
84,7,NN1,Pres,5,0.9897158022965824,0.09453161833581156
85,7,NN1,Temp,5,0.9723501976881004,0.15048113868721746
86,7,NN1,UR,5,0.8797305473042579,0.3209736669944455
87,7,NN1,Pres,10,0.9904181481354617,0.09356352941161643
88,7,NN1,Temp,10,0.968021653470118,0.15776570261171208
89,7,NN1,UR,10,0.9007032664963256,0.2859490374294933
90,7,NN1,Pres,25,0.9917638713236103,0.08780009397603686
91,7,NN1,Temp,25,0.963266736980187,0.16457005911648315
92,7,NN1,UR,25,0.9198128652441244,0.26445911876104533
93,7,NN1,Pres,50,0.9910343947445729,0.09148831745784512
94,7,NN1,Temp,50,0.9638636734149502,0.16506733165006043
95,7,NN1,UR,50,0.9190531249333086,0.26780482109923825
96,8,NN1,Pres,5,0.9909668180072444,0.09491915595549877
97,8,NN1,Temp,5,0.9665353171022366,0.14506617093253704
98,8,NN1,UR,5,0.9375256764685759,0.24318179925607228
99,8,NN1,Pres,10,0.9909479628728236,0.09194456411896929
100,8,NN1,Temp,10,0.9625901282923086,0.17004561269871754
101,8,NN1,UR,10,0.9284071745354899,0.2514884179750255
102,8,NN1,Pres,25,0.9903323201715739,0.09353603535341694
103,8,NN1,Temp,25,0.9631654755756512,0.168178478545717
104,8,NN1,UR,25,0.9225507530140561,0.26101982441616434
105,8,NN1,Pres,50,0.9909628441603909,0.0918595244346142
106,8,NN1,Temp,50,0.9622624752738509,0.17014480259435838
107,8,NN1,UR,50,0.9227440882420899,0.26233070865601565
108,9,NN1,Pres,5,0.9905704561211784,0.09669273581262769
109,9,NN1,Temp,5,0.9385060111544216,0.18059626541827278
110,9,NN1,UR,5,0.9189465711727391,0.25470131091632875
111,9,NN1,Pres,10,0.9916684708040879,0.09045338708207767
112,9,NN1,Temp,10,0.9539624131403294,0.1829828037528191
113,9,NN1,UR,10,0.925203578054376,0.2559791503218434
114,9,NN1,Pres,25,0.9907706920992818,0.09497421372800002
115,9,NN1,Temp,25,0.9580554276219533,0.17671684260878315
116,9,NN1,UR,25,0.9246781261693571,0.25738809971176574
117,9,NN1,Pres,50,0.9913895450787186,0.09106068270579872
118,9,NN1,Temp,50,0.958245749128631,0.1782201585194384
119,9,NN1,UR,50,0.9268620190745,0.2539695167175515
120,10,NN1,Pres,5,0.9911984252318178,0.08907608041253487
121,10,NN1,Temp,5,0.9632011333330608,0.15957018121951563
122,10,NN1,UR,5,0.9335790557936421,0.24199160406988346
123,10,NN1,Pres,10,0.9911828229449063,0.08973064844817022
124,10,NN1,Temp,10,0.9670580872263324,0.15776284704590235
125,10,NN1,UR,10,0.922629873082009,0.2666226050587896
126,10,NN1,Pres,25,0.9910690971091165,0.09063173038979962
127,10,NN1,Temp,25,0.9648680738506589,0.16399380416604367
128,10,NN1,UR,25,0.9287252170374108,0.25506304049925366
129,10,NN1,Pres,50,0.9912922703456563,0.09035910200626973
130,10,NN1,Temp,50,0.9631331067634034,0.16880941158804758
131,10,NN1,UR,50,0.925546440774643,0.259346205858422
132,11,NN1,Pres,5,0.9901768830545598,0.08780566105315189
133,11,NN1,Temp,5,0.9555743144682859,0.17642188013388432
134,11,NN1,UR,5,0.9441957725971444,0.21902614168346982
135,11,NN1,Pres,10,0.9914670218113498,0.08957490759397037
136,11,NN1,Temp,10,0.9684180786874771,0.15297015835002098
137,11,NN1,UR,10,0.936876755935184,0.24074485229350057
138,11,NN1,Pres,25,0.9914244006204018,0.08948197339237195
139,11,NN1,Temp,25,0.9655080566742855,0.16254100909970784
140,11,NN1,UR,25,0.9310562491826914,0.24910283640184816
141,11,NN1,Pres,50,0.99129370994034,0.09073834767132254
142,11,NN1,Temp,50,0.9653545482730759,0.16403926557767623
143,11,NN1,UR,50,0.9307105209143455,0.24943406282771508
144,12,NN1,Pres,5,0.9903729481375888,0.08342499300454875
145,12,NN1,Temp,5,0.977000938961269,0.13736437025602316
146,12,NN1,UR,5,0.9311147617462677,0.24484247829938416
147,12,NN1,Pres,10,0.9909933724211948,0.08575574761896279
148,12,NN1,Temp,10,0.9578622128947296,0.1812731870828238
149,12,NN1,UR,10,0.9366962408413085,0.2365655937241102
150,12,NN1,Pres,25,0.9918774976990087,0.08742013604783938
151,12,NN1,Temp,25,0.956726999543844,0.18138337333741916
152,12,NN1,UR,25,0.9283295855888306,0.25785706702898237
153,12,NN1,Pres,50,0.9916561589600829,0.0887941791517732
154,12,NN1,Temp,50,0.9609141947617541,0.17393916710243126
155,12,NN1,UR,50,0.9291589246553273,0.2531402086868167
156,13,NN1,Pres,5,0.9920097768170743,0.0920738201579192
157,13,NN1,Temp,5,0.9710855364418207,0.15145277518103098
158,13,NN1,UR,5,0.9283848823073645,0.2509251414089299
159,13,NN1,Pres,10,0.9919384843292071,0.08802464907505811
160,13,NN1,Temp,10,0.9689471809016345,0.1519506370016552
161,13,NN1,UR,10,0.9200576492641992,0.2693047642770796
162,13,NN1,Pres,25,0.9913420884736415,0.09011846010235834
163,13,NN1,Temp,25,0.9677996142326573,0.15892800916494704
164,13,NN1,UR,25,0.9210378605643322,0.2639688804492352
165,13,NN1,Pres,50,0.9915259783483807,0.08899217466250936
166,13,NN1,Temp,50,0.9662600270007322,0.16307586558912343
167,13,NN1,UR,50,0.9218065245262204,0.2638416608578403
168,14,NN1,Pres,5,0.9919055474872028,0.08207716108622885
169,14,NN1,Temp,5,0.9651952715720871,0.16288383677923202
170,14,NN1,UR,5,0.932198369535063,0.2630624533922652
171,14,NN1,Pres,10,0.9921503572086819,0.08760051490013426
172,14,NN1,Temp,10,0.9644542384577036,0.1632916943590436
173,14,NN1,UR,10,0.934908530489438,0.24924278217384666
174,14,NN1,Pres,25,0.9903582380846828,0.0961214507484669
175,14,NN1,Temp,25,0.9641755990743887,0.16804660141872832
176,14,NN1,UR,25,0.929407802301439,0.2519845697367481
177,14,NN1,Pres,50,0.9908068763374976,0.09402751938472899
178,14,NN1,Temp,50,0.9624248620904504,0.17073490214731382
179,14,NN1,UR,50,0.9288885095466176,0.2525452180595325
180,15,NN1,Pres,5,0.9922542207693087,0.08318578361526072
181,15,NN1,Temp,5,0.9651952715720871,0.16288383677923202
182,15,NN1,UR,5,0.9375256764685759,0.24318179925607228
183,15,NN1,Pres,10,0.9925036865106188,0.0832226468259675
184,15,NN1,Temp,10,0.9644542384577036,0.1632916943590436
185,15,NN1,UR,10,0.9284071745354899,0.2514884179750255
186,15,NN1,Pres,25,0.9913718114134966,0.0890693650186398
187,15,NN1,Temp,25,0.9641755990743887,0.16804660141872832
188,15,NN1,UR,25,0.9225507530140561,0.26101982441616434
189,15,NN1,Pres,50,0.9906765138618828,0.0931240986567009
190,15,NN1,Temp,50,0.9624248620904504,0.17073490214731382
191,15,NN1,UR,50,0.9227440882420899,0.26233070865601565
192,16,NN1,Pres,5,0.9928704090848192,0.08871455135160936
193,16,NN1,Temp,5,0.9603561333514493,0.17532453779993928
194,16,NN1,UR,5,0.9377839818125892,0.24758877529080028
195,16,NN1,Pres,10,0.9907261781587512,0.09349735577363444
196,16,NN1,Temp,10,0.9669312178798113,0.16475125875995958
197,16,NN1,UR,10,0.9275296957295515,0.25109601381955043
198,16,NN1,Pres,25,0.9901170703048766,0.0980189112163658
199,16,NN1,Temp,25,0.9597464847854777,0.1770527919672246
200,16,NN1,UR,25,0.9300727599840504,0.2494028250571976
201,16,NN1,Pres,50,0.9900904384025953,0.09783128181642015
202,16,NN1,Temp,50,0.9597094787589193,0.17583816818272005
203,16,NN1,UR,50,0.9308035497948115,0.24821191024541472
204,17,NN1,Pres,5,0.9904205826812335,0.09583549072814405
205,17,NN1,Temp,5,0.9731188534200159,0.14426512812626055
206,17,NN1,UR,5,0.932198369535063,0.2630624533922652
207,17,NN1,Pres,10,0.9898867601319921,0.09912751549032507
208,17,NN1,Temp,10,0.9587505054911774,0.17224984086610795
209,17,NN1,UR,10,0.934908530489438,0.24924278217384666
210,17,NN1,Pres,25,0.9915912400679481,0.09161409603793189
211,17,NN1,Temp,25,0.9590011625926351,0.17689254577609
212,17,NN1,UR,25,0.929407802301439,0.2519845697367481
213,17,NN1,Pres,50,0.9913769460492852,0.09178125799676923
214,17,NN1,Temp,50,0.958351708315074,0.1790561545403569
215,17,NN1,UR,50,0.9288885095466176,0.2525452180595325
216,18,NN1,Pres,5,0.9886629063618978,0.10230733063192768
217,18,NN1,Temp,5,0.9723289378038478,0.1483021321243101
218,18,NN1,UR,5,0.9254600683232734,0.2649053676411037
219,18,NN1,Pres,10,0.988854690802448,0.10504356289779376
220,18,NN1,Temp,10,0.9677221415924294,0.15834512081994
221,18,NN1,UR,10,0.9324071776543496,0.24873931159491935
222,18,NN1,Pres,25,0.9910913129657736,0.09343532880191853
223,18,NN1,Temp,25,0.9638094988794196,0.16657696014149437
224,18,NN1,UR,25,0.9263171794125052,0.25364941654240314
225,18,NN1,Pres,50,0.9908061474902226,0.09373165843424451
226,18,NN1,Temp,50,0.9642679411085104,0.16620844926207187
227,18,NN1,UR,50,0.9288216461119719,0.25123670010905624
228,19,NN1,Pres,5,0.9915177169158845,0.08537507715835975
229,19,NN1,Temp,5,0.9757472091068955,0.13236714897196364
230,19,NN1,UR,5,0.9246790119703413,0.2598087990876445
231,19,NN1,Pres,10,0.9919538992829651,0.08592095914607703
232,19,NN1,Temp,10,0.9677806297396299,0.15839228896693652
233,19,NN1,UR,10,0.9209657830814175,0.2647055705504711
234,19,NN1,Pres,25,0.9912624068567496,0.09017076803222289
235,19,NN1,Temp,25,0.9670033102687695,0.16022053091642954
236,19,NN1,UR,25,0.9222913781039976,0.25527126911307796
237,19,NN1,Pres,50,0.9909795372845107,0.09185912448327727
238,19,NN1,Temp,50,0.9640812635944618,0.16696457047156052
239,19,NN1,UR,50,0.922289599522471,0.2603824949373059
240,20,NN1,Pres,5,0.9912961538161758,0.08686599107196251
241,20,NN1,Temp,5,0.9632011333330608,0.15957018121951563
242,20,NN1,UR,5,0.8917111723915888,0.3295015556699307
243,20,NN1,Pres,10,0.992274474502103,0.08631683551784132
244,20,NN1,Temp,10,0.9670580872263324,0.15776284704590235
245,20,NN1,UR,10,0.9258837302903299,0.26009522219227826
246,20,NN1,Pres,25,0.9907252124131545,0.093591303783708
247,20,NN1,Temp,25,0.9648680738506589,0.16399380416604367
248,20,NN1,UR,25,0.928529070833683,0.250252690022412
249,20,NN1,Pres,50,0.9910476500524414,0.09161114196108545
250,20,NN1,Temp,50,0.9631331067634034,0.16880941158804758
251,20,NN1,UR,50,0.9257105461483326,0.257495152468814
252,21,NN1,Pres,5,0.9918605259239257,0.09294400174656034
253,21,NN1,Temp,5,0.9511218377191737,0.19911257182353412
254,21,NN1,UR,5,0.9189465711727391,0.25470131091632875
255,21,NN1,Pres,10,0.9912091433279161,0.09341649576190258
256,21,NN1,Temp,10,0.9496623441193067,0.1980183573734703
257,21,NN1,UR,10,0.925203578054376,0.2559791503218434
258,21,NN1,Pres,25,0.9907236666253443,0.09432255503329977
259,21,NN1,Temp,25,0.9611992849706312,0.17394385449365382
260,21,NN1,UR,25,0.9246781261693571,0.25738809971176574
261,21,NN1,Pres,50,0.9907339476774746,0.09413814513459808
262,21,NN1,Temp,50,0.9636596505687361,0.16894995427218493
263,21,NN1,UR,50,0.9268620190745,0.2539695167175515
264,22,NN1,Pres,5,0.9898214557685506,0.1014934663164995
265,22,NN1,Temp,5,0.977742886131447,0.15151963529208615
266,22,NN1,UR,5,0.9335790557936421,0.24199160406988346
267,22,NN1,Pres,10,0.9908300666022049,0.09271717893073486
268,22,NN1,Temp,10,0.9686140412783897,0.15946899208932838
269,22,NN1,UR,10,0.922629873082009,0.2666226050587896
270,22,NN1,Pres,25,0.9907318959950611,0.09233803681099004
271,22,NN1,Temp,25,0.96536626813083,0.1648415216159995
272,22,NN1,UR,25,0.9287252170374108,0.25506304049925366
273,22,NN1,Pres,50,0.9913586294524893,0.09050469576225596
274,22,NN1,Temp,50,0.9635953172242162,0.1691980491746529
275,22,NN1,UR,50,0.925546440774643,0.259346205858422
276,23,NN1,Pres,5,0.9924384921063754,0.08300687695195812
277,23,NN1,Temp,5,0.967658882401367,0.16313964056863417
278,23,NN1,UR,5,0.9321139537814154,0.25689735757658827
279,23,NN1,Pres,10,0.9908643517467435,0.0898122811700309
280,23,NN1,Temp,10,0.9607495297947628,0.17059657993109573
281,23,NN1,UR,10,0.9379152828854221,0.23716929068555198
282,23,NN1,Pres,25,0.9910057576132526,0.09199180571459532
283,23,NN1,Temp,25,0.9650942197708687,0.16204516286102089
284,23,NN1,UR,25,0.9342182579819168,0.24131093753257324
285,23,NN1,Pres,50,0.9912850853426829,0.09080906109211971
286,23,NN1,Temp,50,0.9644239138791242,0.16652226077924265
287,23,NN1,UR,50,0.9307192301847975,0.2474555697404005
288,24,NN1,Pres,5,0.9924777931364924,0.08349265671023577
289,24,NN1,Temp,5,0.9721077993002423,0.14747213989281932
290,24,NN1,UR,5,0.9335790557936421,0.24199160406988346
291,24,NN1,Pres,10,0.9932905803169542,0.08224220846541112
292,24,NN1,Temp,10,0.9554494284110714,0.19574305663746858
293,24,NN1,UR,10,0.922629873082009,0.2666226050587896
294,24,NN1,Pres,25,0.9922148940993597,0.08710881689815728
295,24,NN1,Temp,25,0.9623222906356438,0.17408236097531501
296,24,NN1,UR,25,0.9287252170374108,0.25506304049925366
297,24,NN1,Pres,50,0.9916360408115048,0.08915103501311823
298,24,NN1,Temp,50,0.9626398462601323,0.17034945883721947
299,24,NN1,UR,50,0.925546440774643,0.259346205858422
300,25,NN1,Pres,5,0.9898214557685506,0.1014934663164995
301,25,NN1,Temp,5,0.9550382627252573,0.18737496585881763
302,25,NN1,UR,5,0.9178291104959743,0.2630116518394416
303,25,NN1,Pres,10,0.9908300666022049,0.09271717893073486
304,25,NN1,Temp,10,0.9557523957590108,0.18027186064030531
305,25,NN1,UR,10,0.9191960831703909,0.2647642210470641
306,25,NN1,Pres,25,0.9907318959950611,0.09233803681099004
307,25,NN1,Temp,25,0.9592072517121282,0.1766085490178583
308,25,NN1,UR,25,0.921888546810273,0.2660189858796448
309,25,NN1,Pres,50,0.9913586294524893,0.09050469576225596
310,25,NN1,Temp,50,0.9619775528207157,0.170871306289632
311,25,NN1,UR,50,0.9258925925210844,0.2573254384129932
312,26,NN1,Pres,5,0.9935103252879879,0.08315492673801096
313,26,NN1,Temp,5,0.9550382627252573,0.18737496585881763
314,26,NN1,UR,5,0.9311147617462677,0.24484247829938416
315,26,NN1,Pres,10,0.9918646517668389,0.09062572343630657
316,26,NN1,Temp,10,0.9557523957590108,0.18027186064030531
317,26,NN1,UR,10,0.9366962408413085,0.2365655937241102
318,26,NN1,Pres,25,0.9909151818239244,0.0939025035459567
319,26,NN1,Temp,25,0.9592072517121282,0.1766085490178583
320,26,NN1,UR,25,0.9283295855888306,0.25785706702898237
321,26,NN1,Pres,50,0.9913693469578868,0.09125064688340619
322,26,NN1,Temp,50,0.9619775528207157,0.170871306289632
323,26,NN1,UR,50,0.9291589246553273,0.2531402086868167
324,27,NN1,Pres,5,0.9932246673817863,0.07998975671924376
325,27,NN1,Temp,5,0.9732640028496196,0.1506891865249907
326,27,NN1,UR,5,0.9373342360063313,0.2372219944995045
327,27,NN1,Pres,10,0.9921272233936019,0.08909946017080729
328,27,NN1,Temp,10,0.9654427396373141,0.16499942628475048
329,27,NN1,UR,10,0.9262070280642803,0.25515327256491416
330,27,NN1,Pres,25,0.9910655661187948,0.0929414662174335
331,27,NN1,Temp,25,0.9669431045911345,0.16186276677417372
332,27,NN1,UR,25,0.9282546329585879,0.2503726040988574
333,27,NN1,Pres,50,0.9911162825895403,0.09161346590140436
334,27,NN1,Temp,50,0.9637963093486736,0.16716915475341199
335,27,NN1,UR,50,0.9260469044641153,0.25431577996971977
336,28,NN1,Pres,5,0.9909723414538957,0.08966120671159956
337,28,NN1,Temp,5,0.9512627830388649,0.18946242694113713
338,28,NN1,UR,5,0.932198369535063,0.2630624533922652
339,28,NN1,Pres,10,0.9920820582796535,0.08676601313899315
340,28,NN1,Temp,10,0.9597564300472055,0.17449694090562823
341,28,NN1,UR,10,0.934908530489438,0.24924278217384666
342,28,NN1,Pres,25,0.9911604890965481,0.09144934502210364
343,28,NN1,Temp,25,0.9626828305080644,0.16806168959653622
344,28,NN1,UR,25,0.929407802301439,0.2519845697367481
345,28,NN1,Pres,50,0.9910988403415233,0.09253398892648317
346,28,NN1,Temp,50,0.9602544155267476,0.17357851798267152
347,28,NN1,UR,50,0.9288885095466176,0.2525452180595325
348,29,NN1,Pres,5,0.9922152243410772,0.08191931426746935
349,29,NN1,Temp,5,0.9521301436480313,0.1804548013420031
350,29,NN1,UR,5,0.9246790119703413,0.2598087990876445
351,29,NN1,Pres,10,0.9927294661543157,0.08369687674295055
352,29,NN1,Temp,10,0.9653466967105959,0.16052595830240288
353,29,NN1,UR,10,0.9209657830814175,0.2647055705504711
354,29,NN1,Pres,25,0.9911077240391806,0.0923821853345388
355,29,NN1,Temp,25,0.9601155857156367,0.17495712084850143
356,29,NN1,UR,25,0.9222913781039976,0.25527126911307796
357,29,NN1,Pres,50,0.9916293224815539,0.08934732188661608
358,29,NN1,Temp,50,0.962206465886377,0.1711800065303124
359,29,NN1,UR,50,0.922289599522471,0.2603824949373059
360,30,NN1,Pres,5,0.9915042495090667,0.08926048635790235
361,30,NN1,Temp,5,0.9576797665186585,0.17808164917455538
362,30,NN1,UR,5,0.9360439291049897,0.23976073125112254
363,30,NN1,Pres,10,0.9905779569222667,0.09217031780300712
364,30,NN1,Temp,10,0.9624565460459769,0.16818035235244433
365,30,NN1,UR,10,0.925280458974501,0.2676281529299654
366,30,NN1,Pres,25,0.9913090113534775,0.09048227352702279
367,30,NN1,Temp,25,0.9650040378716231,0.1639965007217807
368,30,NN1,UR,25,0.920950648584553,0.27032225196088544
369,30,NN1,Pres,50,0.9908085133265236,0.09336782310920409
370,30,NN1,Temp,50,0.9638900764350775,0.1682213787697109
371,30,NN1,UR,50,0.925778712792061,0.25900985264977444
372,31,NN1,Pres,5,0.9920097768170743,0.0920738201579192
373,31,NN1,Temp,5,0.9649289154203449,0.1597127333706243
374,31,NN1,UR,5,0.9490255105520451,0.21910200700674776
375,31,NN1,Pres,10,0.9919384843292071,0.08802464907505811
376,31,NN1,Temp,10,0.9630185917640078,0.16414485896762132
377,31,NN1,UR,10,0.9301082996406678,0.24459173181729188
378,31,NN1,Pres,25,0.9913420884736415,0.09011846010235834
379,31,NN1,Temp,25,0.9618047282808525,0.1673322613811426
380,31,NN1,UR,25,0.9256191246688675,0.2590712012335564
381,31,NN1,Pres,50,0.9915259783483807,0.08899217466250936
382,31,NN1,Temp,50,0.9619339621297973,0.17017041897642934
383,31,NN1,UR,50,0.9237901843185083,0.2616041712177938
384,32,NN1,Pres,5,0.9907438485385199,0.09046660452642806
385,32,NN1,Temp,5,0.9658917144418161,0.1550588772051153
386,32,NN1,UR,5,0.9375256764685759,0.24318179925607228
387,32,NN1,Pres,10,0.989821200853551,0.0997663848151454
388,32,NN1,Temp,10,0.9602557898276107,0.1770683349886265
389,32,NN1,UR,10,0.9284071745354899,0.2514884179750255
390,32,NN1,Pres,25,0.9914089515318083,0.09049812620821075
391,32,NN1,Temp,25,0.9636624414441214,0.16761042113059352
392,32,NN1,UR,25,0.9225507530140561,0.26101982441616434
393,32,NN1,Pres,50,0.9914831389251582,0.08965036206713384
394,32,NN1,Temp,50,0.9621609078506678,0.17065494915057863
395,32,NN1,UR,50,0.9227440882420899,0.26233070865601565
396,33,NN1,Pres,5,0.9902536034029302,0.0908180442799153
397,33,NN1,Temp,5,0.9449477305408466,0.19237150031838002
398,33,NN1,UR,5,0.9496465062467281,0.21700774123490343
399,33,NN1,Pres,10,0.9916760349182812,0.08721567702834586
400,33,NN1,Temp,10,0.968473215480539,0.1591412320686547
401,33,NN1,UR,10,0.9241303893824666,0.2625855130371188
402,33,NN1,Pres,25,0.9902269287851888,0.09540797208937563
403,33,NN1,Temp,25,0.9669581769131952,0.16049304621796617
404,33,NN1,UR,25,0.9292002075812251,0.25150963940257515
405,33,NN1,Pres,50,0.9907319507688779,0.09409032510533923
406,33,NN1,Temp,50,0.9647522085233331,0.16518224016764915
407,33,NN1,UR,50,0.9288283081441272,0.2510027134074708
408,34,NN1,Pres,5,0.9932032862365688,0.08513802968359127
409,34,NN1,Temp,5,0.9591203142221287,0.18045010091785446
410,34,NN1,UR,5,0.953095805761688,0.20560718986600374
411,34,NN1,Pres,10,0.9896066953333448,0.09919650448588349
412,34,NN1,Temp,10,0.9684824519047677,0.15829589515689993
413,34,NN1,UR,10,0.9215562946225883,0.25607941013771957
414,34,NN1,Pres,25,0.9913502694863725,0.0906435980338346
415,34,NN1,Temp,25,0.9635814225486581,0.16895147973196636
416,34,NN1,UR,25,0.9240368057896876,0.25574951632969095
417,34,NN1,Pres,50,0.9914398276357483,0.09019316445752643
418,34,NN1,Temp,50,0.9631820975765086,0.1690900921994194
419,34,NN1,UR,50,0.92641527555832,0.2527638218716705
420,35,NN1,Pres,5,0.9918605259239257,0.09294400174656034
421,35,NN1,Temp,5,0.9632011333330608,0.15957018121951563
422,35,NN1,UR,5,0.9471048422220332,0.22229234632100286
423,35,NN1,Pres,10,0.9912091433279161,0.09341649576190258
424,35,NN1,Temp,10,0.9670580872263324,0.15776284704590235
425,35,NN1,UR,10,0.9285892743010815,0.2549066047671195
426,35,NN1,Pres,25,0.9907236666253443,0.09432255503329977
427,35,NN1,Temp,25,0.9648680738506589,0.16399380416604367
428,35,NN1,UR,25,0.9253599427422027,0.2604884926111834
429,35,NN1,Pres,50,0.9907339476774746,0.09413814513459808
430,35,NN1,Temp,50,0.9631331067634034,0.16880941158804758
431,35,NN1,UR,50,0.9218335020539525,0.26317393395391125
432,36,NN1,Pres,5,0.9942644783592577,0.07719720084896509
433,36,NN1,Temp,5,0.9757472091068955,0.13236714897196364
434,36,NN1,UR,5,0.9043613409711141,0.2826460813958555
435,36,NN1,Pres,10,0.9899644722088758,0.09548245615081026
436,36,NN1,Temp,10,0.9677806297396299,0.15839228896693652
437,36,NN1,UR,10,0.9174982033820437,0.26898919273935035
438,36,NN1,Pres,25,0.9915392239484371,0.0899056340425306
439,36,NN1,Temp,25,0.9670033102687695,0.16022053091642954
440,36,NN1,UR,25,0.9237605423840376,0.26047031948279675
441,36,NN1,Pres,50,0.9918262267534066,0.08829309179457763
442,36,NN1,Temp,50,0.9640812635944618,0.16696457047156052
443,36,NN1,UR,50,0.9235502097385393,0.261682085509633
444,37,NN1,Pres,5,0.9904205826812335,0.09583549072814405
445,37,NN1,Temp,5,0.9433057097140372,0.20217783879313367
446,37,NN1,UR,5,0.9174854513578165,0.26948274210917267
447,37,NN1,Pres,10,0.9898867601319921,0.09912751549032507
448,37,NN1,Temp,10,0.9639239147423098,0.1667589879606992
449,37,NN1,UR,10,0.9221583912459257,0.26206363984785275
450,37,NN1,Pres,25,0.9915912400679481,0.09161409603793189
451,37,NN1,Temp,25,0.9639358286804526,0.16758217262458103
452,37,NN1,UR,25,0.9248534571615981,0.2608192534721775
453,37,NN1,Pres,50,0.9913769460492852,0.09178125799676923
454,37,NN1,Temp,50,0.9642117714976012,0.1670503261567257
455,37,NN1,UR,50,0.9270223380075697,0.2566854317733878
456,38,NN1,Pres,5,0.9932032862365688,0.08513802968359127
457,38,NN1,Temp,5,0.976186921436477,0.14725024669040204
458,38,NN1,UR,5,0.8913849927395608,0.30292638659790977
459,38,NN1,Pres,10,0.9896066953333448,0.09919650448588349
460,38,NN1,Temp,10,0.9589421782629232,0.18184708716456463
461,38,NN1,UR,10,0.9280797177934484,0.2560267350650502
462,38,NN1,Pres,25,0.9913502694863725,0.0906435980338346
463,38,NN1,Temp,25,0.9637753399481329,0.17052742754189118
464,38,NN1,UR,25,0.9255643457922089,0.25947728146814064
465,38,NN1,Pres,50,0.9914398276357483,0.09019316445752643
466,38,NN1,Temp,50,0.9631900217339994,0.16908153470192397
467,38,NN1,UR,50,0.9263071686643073,0.2571245762938559
468,39,NN1,Pres,5,0.9911984252318178,0.08907608041253487
469,39,NN1,Temp,5,0.9345712499415908,0.20949298498425775
470,39,NN1,UR,5,0.9335790557936421,0.24199160406988346
471,39,NN1,Pres,10,0.9911828229449063,0.08973064844817022
472,39,NN1,Temp,10,0.9588068491783981,0.17448116112354178
473,39,NN1,UR,10,0.922629873082009,0.2666226050587896
474,39,NN1,Pres,25,0.9910690971091165,0.09063173038979962
475,39,NN1,Temp,25,0.9637072983222238,0.16730914734821928
476,39,NN1,UR,25,0.9287252170374108,0.25506304049925366
477,39,NN1,Pres,50,0.9912922703456563,0.09035910200626973
478,39,NN1,Temp,50,0.9630567626278891,0.16809269164746218
479,39,NN1,UR,50,0.925546440774643,0.259346205858422
480,40,NN1,Pres,5,0.9860745192244403,0.10309748353567376
481,40,NN1,Temp,5,0.9502638584349313,0.16922253107513732
482,40,NN1,UR,5,0.9261639418215531,0.2633040880515074
483,40,NN1,Pres,10,0.9896062842475529,0.09550240910045145
484,40,NN1,Temp,10,0.955268755198433,0.18161491207568595
485,40,NN1,UR,10,0.9253489539864915,0.26153612929283304
486,40,NN1,Pres,25,0.9905450495165543,0.0926408182664267
487,40,NN1,Temp,25,0.9634117697305802,0.16661416041962387
488,40,NN1,UR,25,0.9274649797751848,0.2542135443765773
489,40,NN1,Pres,50,0.9906831069589156,0.09446833717416077
490,40,NN1,Temp,50,0.9627463463615643,0.1700988440921202
491,40,NN1,UR,50,0.9275211901091508,0.2532611499692191
492,41,NN1,Pres,5,0.9907565532382063,0.0912375979153646
493,41,NN1,Temp,5,0.9510223533623714,0.21130888908224868
494,41,NN1,UR,5,0.9296311390065728,0.24957220080530493
495,41,NN1,Pres,10,0.9908503226767524,0.09173571595981013
496,41,NN1,Temp,10,0.9591335844198353,0.17917804102883492
497,41,NN1,UR,10,0.9261747151108796,0.2587006117567557
498,41,NN1,Pres,25,0.991180751439209,0.09235101240150172
499,41,NN1,Temp,25,0.9577537974036852,0.1806459137372844
500,41,NN1,UR,25,0.9296361781394006,0.25276211263664833
501,41,NN1,Pres,50,0.9906763724807148,0.0945678245490184
502,41,NN1,Temp,50,0.9611015069746932,0.1740598785211505
503,41,NN1,UR,50,0.9280965685922407,0.2532337755376577
504,42,NN1,Pres,5,0.989176571742204,0.10240252894028565
505,42,NN1,Temp,5,0.9720704298613145,0.1408884697546119
506,42,NN1,UR,5,0.9353429584765484,0.2362148329586975
507,42,NN1,Pres,10,0.9915891158369613,0.09048315222349815
508,42,NN1,Temp,10,0.965803224034485,0.16287579385045378
509,42,NN1,UR,10,0.9288801489402019,0.24699898436981732
510,42,NN1,Pres,25,0.9911682500120542,0.09367672102634471
511,42,NN1,Temp,25,0.9618365741864039,0.1715441518100763
512,42,NN1,UR,25,0.9226278804396864,0.2584410395129961
513,42,NN1,Pres,50,0.9912610295574769,0.09187263946728998
514,42,NN1,Temp,50,0.9616183792826853,0.17373472051405847
515,42,NN1,UR,50,0.9251619290368626,0.25664499880406766
516,43,NN1,Pres,5,0.9921530873784421,0.0880617297711059
517,43,NN1,Temp,5,0.9567958509894016,0.17739882808979643
518,43,NN1,UR,5,0.9357102962482556,0.22928617941523985
519,43,NN1,Pres,10,0.9919902292063628,0.08765172479206677
520,43,NN1,Temp,10,0.9606361840079665,0.17603711297250038
521,43,NN1,UR,10,0.9331905377594102,0.24425407387032935
522,43,NN1,Pres,25,0.9911695356485433,0.09126985535335458
523,43,NN1,Temp,25,0.9587370675214067,0.17945148546369624
524,43,NN1,UR,25,0.9291708737280965,0.24866633547108963
525,43,NN1,Pres,50,0.9913884894612021,0.09006931055638921
526,43,NN1,Temp,50,0.9625049541155866,0.17110085255337742
527,43,NN1,UR,50,0.9288745715354345,0.25132886740065713
528,44,NN1,Pres,5,0.9902536034029302,0.0908180442799153
529,44,NN1,Temp,5,0.9510223533623714,0.21130888908224868
530,44,NN1,UR,5,0.9360439291049897,0.23976073125112254
531,44,NN1,Pres,10,0.9916760349182812,0.08721567702834586
532,44,NN1,Temp,10,0.9591335844198353,0.17917804102883492
533,44,NN1,UR,10,0.925280458974501,0.2676281529299654
534,44,NN1,Pres,25,0.9902269287851888,0.09540797208937563
535,44,NN1,Temp,25,0.9577537974036852,0.1806459137372844
536,44,NN1,UR,25,0.920950648584553,0.27032225196088544
537,44,NN1,Pres,50,0.9907319507688779,0.09409032510533923
538,44,NN1,Temp,50,0.9611015069746932,0.1740598785211505
539,44,NN1,UR,50,0.925778712792061,0.25900985264977444
540,45,NN1,Pres,5,0.9903729481375888,0.08342499300454875
541,45,NN1,Temp,5,0.9738275440120113,0.1449348911043188
542,45,NN1,UR,5,0.9490634823067963,0.21768715106794462
543,45,NN1,Pres,10,0.9909933724211948,0.08575574761896279
544,45,NN1,Temp,10,0.9633997949744784,0.17500552427607585
545,45,NN1,UR,10,0.9429476811856392,0.23078732250930195
546,45,NN1,Pres,25,0.9918774976990087,0.08742013604783938
547,45,NN1,Temp,25,0.965141407040064,0.166221345141137
548,45,NN1,UR,25,0.9313575723731449,0.24829675294475514
549,45,NN1,Pres,50,0.9916561589600829,0.0887941791517732
550,45,NN1,Temp,50,0.9652919130946274,0.16584343501340412
551,45,NN1,UR,50,0.9287566363487146,0.25075522167857084
552,46,NN1,Pres,5,0.9926310609747244,0.08206047312616194
553,46,NN1,Temp,5,0.9603561333514493,0.17532453779993928
554,46,NN1,UR,5,0.9246790119703413,0.2598087990876445
555,46,NN1,Pres,10,0.9926361029925311,0.08718756674090813
556,46,NN1,Temp,10,0.9669312178798113,0.16475125875995958
557,46,NN1,UR,10,0.9209657830814175,0.2647055705504711
558,46,NN1,Pres,25,0.9920565066832556,0.08750548602016102
559,46,NN1,Temp,25,0.9597464847854777,0.1770527919672246
560,46,NN1,UR,25,0.9222913781039976,0.25527126911307796
561,46,NN1,Pres,50,0.9918197426325326,0.08829713174665285
562,46,NN1,Temp,50,0.9597094787589193,0.17583816818272005
563,46,NN1,UR,50,0.922289599522471,0.2603824949373059
564,47,NN1,Pres,5,0.9873289496365192,0.1065670492294534
565,47,NN1,Temp,5,0.9731188534200159,0.14426512812626055
566,47,NN1,UR,5,0.9332530668685164,0.2477965575833452
567,47,NN1,Pres,10,0.9895201100363391,0.09514629408793383
568,47,NN1,Temp,10,0.9587505054911774,0.17224984086610795
569,47,NN1,UR,10,0.9310258771569748,0.23914044948876265
570,47,NN1,Pres,25,0.9893839531618338,0.09834069739052875
571,47,NN1,Temp,25,0.9590011625926351,0.17689254577609
572,47,NN1,UR,25,0.925145636171365,0.2545731959440696
573,47,NN1,Pres,50,0.9901224574488819,0.09622619277637057
574,47,NN1,Temp,50,0.958351708315074,0.1790561545403569
575,47,NN1,UR,50,0.9255564205076973,0.2566119351704309
576,48,NN1,Pres,5,0.9835176580039594,0.12447111632842711
577,48,NN1,Temp,5,0.9762903880500536,0.1312077969200382
578,48,NN1,UR,5,0.947035333585311,0.22853432045301408
579,48,NN1,Pres,10,0.9907350386894839,0.09531354344889899
580,48,NN1,Temp,10,0.9656756368129993,0.1647971377997081
581,48,NN1,UR,10,0.9417999957683887,0.23265284090909855
582,48,NN1,Pres,25,0.9902395168839679,0.09528898554107425
583,48,NN1,Temp,25,0.9614963471188092,0.1731997495779845
584,48,NN1,UR,25,0.9345087407852126,0.24688909671581577
585,48,NN1,Pres,50,0.9913101114673398,0.09051494244405528
586,48,NN1,Temp,50,0.9622897252492577,0.1699928168665328
587,48,NN1,UR,50,0.9306817974376891,0.2493784637351599
588,49,NN1,Pres,5,0.9886629063618978,0.10230733063192768
589,49,NN1,Temp,5,0.9740032458231309,0.16193285757214632
590,49,NN1,UR,5,0.9246790119703413,0.2598087990876445
591,49,NN1,Pres,10,0.988854690802448,0.10504356289779376
592,49,NN1,Temp,10,0.9637132847354125,0.1759828223864737
593,49,NN1,UR,10,0.9209657830814175,0.2647055705504711
594,49,NN1,Pres,25,0.9910913129657736,0.09343532880191853
595,49,NN1,Temp,25,0.9634376405791425,0.1716611599462131
596,49,NN1,UR,25,0.9222913781039976,0.25527126911307796
597,49,NN1,Pres,50,0.9908061474902226,0.09373165843424451
598,49,NN1,Temp,50,0.9592285920800454,0.17952010134703117
599,49,NN1,UR,50,0.922289599522471,0.2603824949373059
0,0,NN2,Pres,5,0.9878423070219332,0.09645782189729459
1,0,NN2,Temp,5,0.9597429310430827,0.16148882971974243
2,0,NN2,UR,5,0.9351001375167449,0.23920467549305596
3,0,NN2,Pres,10,0.9894903662759142,0.09890406234353002
4,0,NN2,Temp,10,0.9616228791310375,0.16783536425742143
5,0,NN2,UR,10,0.9266666866103703,0.25957386683023576
6,0,NN2,Pres,25,0.9883737334364138,0.10448006009559246
7,0,NN2,Temp,25,0.9599898873702842,0.17049848025072492
8,0,NN2,UR,25,0.9301425034883296,0.25251436517027
9,0,NN2,Pres,50,0.9894087264104281,0.10025565488868231
10,0,NN2,Temp,50,0.9609371531989368,0.17395691981803052
11,0,NN2,UR,50,0.9261534238981807,0.2582868815919869
12,1,NN2,Pres,5,0.9913946891497204,0.0898341898854797
13,1,NN2,Temp,5,0.9720620391028081,0.1459339099767668
14,1,NN2,UR,5,0.9313023428841924,0.24837663938284837
15,1,NN2,Pres,10,0.9906704979375519,0.09171656366709015
16,1,NN2,Temp,10,0.9655097207010886,0.16084906453969067
17,1,NN2,UR,10,0.9209731490561933,0.26404684368019643
18,1,NN2,Pres,25,0.9911973894413386,0.09106147011851101
19,1,NN2,Temp,25,0.9648549320595946,0.16644565363689698
20,1,NN2,UR,25,0.9230793272865079,0.25924561090402964
21,1,NN2,Pres,50,0.9906495843603893,0.09417156990913839
22,1,NN2,Temp,50,0.9623090297899354,0.170997860579035
23,1,NN2,UR,50,0.920731398366456,0.26329688928195727
24,2,NN2,Pres,5,0.9899394099466794,0.09700838173069921
25,2,NN2,Temp,5,0.9653128737229493,0.15492399131312495
26,2,NN2,UR,5,0.9313023428841924,0.24837663938284837
27,2,NN2,Pres,10,0.9871972101502797,0.10944673290491622
28,2,NN2,Temp,10,0.968625035197902,0.1539649808449835
29,2,NN2,UR,10,0.9209731490561933,0.26404684368019643
30,2,NN2,Pres,25,0.9903266391948288,0.09588663486625204
31,2,NN2,Temp,25,0.9658887628954482,0.1615939864101009
32,2,NN2,UR,25,0.9230793272865079,0.25924561090402964
33,2,NN2,Pres,50,0.9905215543734034,0.0950548285088446
34,2,NN2,Temp,50,0.9635864251180408,0.16776835424599704
35,2,NN2,UR,50,0.920731398366456,0.26329688928195727
36,3,NN2,Pres,5,0.9908700712139503,0.08659280306761503
37,3,NN2,Temp,5,0.9655911099923408,0.16379623799840085
38,3,NN2,UR,5,0.9228341968673033,0.24851804282294207
39,3,NN2,Pres,10,0.9908169108612368,0.09162831019205916
40,3,NN2,Temp,10,0.9544560624766772,0.19791331495107073
41,3,NN2,UR,10,0.9196840608979596,0.26525590002386346
42,3,NN2,Pres,25,0.9908118104387633,0.09522221232590475
43,3,NN2,Temp,25,0.9618142737625717,0.17525202691226627
44,3,NN2,UR,25,0.9206185396558701,0.264233238582816
45,3,NN2,Pres,50,0.9903281574489172,0.0954359576041727
46,3,NN2,Temp,50,0.9615505917650152,0.17281493046169066
47,3,NN2,UR,50,0.9239814901203067,0.2589224961802206
48,4,NN2,Pres,5,0.992165578303096,0.08829558552196326
49,4,NN2,Temp,5,0.9621385733106391,0.17030781317304625
50,4,NN2,UR,5,0.9314028894932603,0.25412604312680565
51,4,NN2,Pres,10,0.9869904408175244,0.11105593587008364
52,4,NN2,Temp,10,0.9691208550421517,0.15276705818073424
53,4,NN2,UR,10,0.9328199592138635,0.24797863735498107
54,4,NN2,Pres,25,0.9900221008117827,0.09708719844642065
55,4,NN2,Temp,25,0.9621919220276798,0.16927513586653087
56,4,NN2,UR,25,0.9270307094302267,0.25241828311751385
57,4,NN2,Pres,50,0.9904784153710589,0.09501924189412572
58,4,NN2,Temp,50,0.9635100227776333,0.16718855033481012
59,4,NN2,UR,50,0.9298484905737927,0.24941790124584726
60,5,NN2,Pres,5,0.9900760086391506,0.09406004099423307
61,5,NN2,Temp,5,0.9685640267183561,0.15360574709595537
62,5,NN2,UR,5,0.9544758350607947,0.20705747209954956
63,5,NN2,Pres,10,0.9918456145249036,0.08785398767349623
64,5,NN2,Temp,10,0.9644611540784241,0.16384325754709045
65,5,NN2,UR,10,0.9358316208304955,0.2343632455630199
66,5,NN2,Pres,25,0.9909511126496091,0.09321697654345151
67,5,NN2,Temp,25,0.9641518096121815,0.16568924227075835
68,5,NN2,UR,25,0.93071280088594,0.25004317172208684
69,5,NN2,Pres,50,0.9916196400818611,0.08953544065035653
70,5,NN2,Temp,50,0.9639139037505624,0.16692147718217015
71,5,NN2,UR,50,0.9296367376838468,0.2513692748126754
72,6,NN2,Pres,5,0.992289766315324,0.08891121971346116
73,6,NN2,Temp,5,0.9691450286541203,0.15143241402009364
74,6,NN2,UR,5,0.9446250214533981,0.2162196509864073
75,6,NN2,Pres,10,0.9913063322134077,0.09147462534705886
76,6,NN2,Temp,10,0.9661821485541692,0.16038666627780204
77,6,NN2,UR,10,0.9261967140080035,0.250319003983538
78,6,NN2,Pres,25,0.9901933623937069,0.09688237671485486
79,6,NN2,Temp,25,0.9636423318823346,0.16630325163451787
80,6,NN2,UR,25,0.9255020660537002,0.25384656022956437
81,6,NN2,Pres,50,0.9901526637087601,0.09675714577439165
82,6,NN2,Temp,50,0.9653499149410968,0.16410792990438014
83,6,NN2,UR,50,0.923847795804446,0.2597269106141097
84,7,NN2,Pres,5,0.9885660329439415,0.09967594291466571
85,7,NN2,Temp,5,0.962208006828837,0.17592839972429086
86,7,NN2,UR,5,0.8864741244910312,0.3118452738436689
87,7,NN2,Pres,10,0.9893182778009002,0.09878761699012266
88,7,NN2,Temp,10,0.9639859412042602,0.16742512365141984
89,7,NN2,UR,10,0.9065896527551602,0.27734392101141886
90,7,NN2,Pres,25,0.9898946758313494,0.09725423993176617
91,7,NN2,Temp,25,0.9591111006613713,0.17362960650688733
92,7,NN2,UR,25,0.9222974105838326,0.26032983585802355
93,7,NN2,Pres,50,0.9898888489955601,0.09715745544273997
94,7,NN2,Temp,50,0.9604334453330446,0.17272422274763555
95,7,NN2,UR,50,0.9229519448644885,0.26127580083301527
96,8,NN2,Pres,5,0.9906200296078745,0.09672399399579851
97,8,NN2,Temp,5,0.9639605409828659,0.1505434700688666
98,8,NN2,UR,5,0.9384621936757328,0.2413522164822311
99,8,NN2,Pres,10,0.9906420101617897,0.09348548374074618
100,8,NN2,Temp,10,0.9630479515464982,0.16900189768199994
101,8,NN2,UR,10,0.9247620507818659,0.2578111596247202
102,8,NN2,Pres,25,0.9902342627159939,0.09400919777556775
103,8,NN2,Temp,25,0.9639164307199709,0.1664553011484116
104,8,NN2,UR,25,0.9195027719030355,0.2661064224229719
105,8,NN2,Pres,50,0.9907177807124298,0.09309668547807212
106,8,NN2,Temp,50,0.963106994740808,0.16823021457026346
107,8,NN2,UR,50,0.9210801803555612,0.26514064797726355
108,9,NN2,Pres,5,0.9897721470669248,0.10070261371536322
109,9,NN2,Temp,5,0.9414203859161583,0.17626483792249995
110,9,NN2,UR,5,0.9228341968673033,0.24851804282294207
111,9,NN2,Pres,10,0.9906672875534964,0.09573404648822455
112,9,NN2,Temp,10,0.9590286513015907,0.17262120039017148
113,9,NN2,UR,10,0.9196840608979596,0.26525590002386346
114,9,NN2,Pres,25,0.9897287153180193,0.1001921099693734
115,9,NN2,Temp,25,0.9608407905051,0.17074854668731257
116,9,NN2,UR,25,0.9206185396558701,0.264233238582816
117,9,NN2,Pres,50,0.9902101757106095,0.09709688599382137
118,9,NN2,Temp,50,0.9612526279763198,0.17168312262028243
119,9,NN2,UR,50,0.9239814901203067,0.2589224961802206
120,10,NN2,Pres,5,0.9902811345800226,0.09360276794623233
121,10,NN2,Temp,5,0.9653128737229493,0.15492399131312495
122,10,NN2,UR,5,0.9351001375167449,0.23920467549305596
123,10,NN2,Pres,10,0.9903405836662935,0.0939185692419701
124,10,NN2,Temp,10,0.968625035197902,0.1539649808449835
125,10,NN2,UR,10,0.9266666866103703,0.25957386683023576
126,10,NN2,Pres,25,0.9901807722150752,0.09503230336745812
127,10,NN2,Temp,25,0.9658887628954482,0.1615939864101009
128,10,NN2,UR,25,0.9301425034883296,0.25251436517027
129,10,NN2,Pres,50,0.9906107427968609,0.09382856095692356
130,10,NN2,Temp,50,0.9635864251180408,0.16776835424599704
131,10,NN2,UR,50,0.9261534238981807,0.2582868815919869
132,11,NN2,Pres,5,0.9876877526750134,0.09830294416662017
133,11,NN2,Temp,5,0.9497737985547146,0.18758605238685677
134,11,NN2,UR,5,0.9399323613770124,0.22723890221591272
135,11,NN2,Pres,10,0.9898757814428291,0.09757011278965116
136,11,NN2,Temp,10,0.9650653430219671,0.160885047967742
137,11,NN2,UR,10,0.9332349338701177,0.24759222134362335
138,11,NN2,Pres,25,0.9896576420974262,0.0982682206902299
139,11,NN2,Temp,25,0.9618914076697561,0.17085023212824854
140,11,NN2,UR,25,0.9277034960466977,0.25508790522897234
141,11,NN2,Pres,50,0.9898465273340251,0.09798996499983077
142,11,NN2,Temp,50,0.9621253952244462,0.17151367670203566
143,11,NN2,UR,50,0.9275469192388864,0.2550648073606102
144,12,NN2,Pres,5,0.9882538707423695,0.09215033343652512
145,12,NN2,Temp,5,0.9719325113256153,0.1517472483103935
146,12,NN2,UR,5,0.930227512861101,0.24641423143670113
147,12,NN2,Pres,10,0.9892543403682054,0.09366960201094769
148,12,NN2,Temp,10,0.9573160993464134,0.1824440726607747
149,12,NN2,UR,10,0.9365434016577022,0.23685100090326652
150,12,NN2,Pres,25,0.9902532658451825,0.09576264145395114
151,12,NN2,Temp,25,0.954031162686984,0.18694795963185085
152,12,NN2,UR,25,0.9295936226548801,0.25557306430074367
153,12,NN2,Pres,50,0.9902010786165858,0.09622559886702634
154,12,NN2,Temp,50,0.9580253438237641,0.180252554450312
155,12,NN2,UR,50,0.929259791054065,0.2529599288390738
156,13,NN2,Pres,5,0.9898260916802344,0.10389642815608977
157,13,NN2,Temp,5,0.9718205324637557,0.14951544483759366
158,13,NN2,UR,5,0.9321925350323493,0.2441634071939865
159,13,NN2,Pres,10,0.9900977115152977,0.09755819092472633
160,13,NN2,Temp,10,0.9689560827542696,0.15192885574038134
161,13,NN2,UR,10,0.9264355449752091,0.25833877163893576
162,13,NN2,Pres,25,0.9899744320046345,0.096975423249765
163,13,NN2,Temp,25,0.9688974555690664,0.15619526541362802
164,13,NN2,UR,25,0.9239879790787251,0.25899084744867135
165,13,NN2,Pres,50,0.9901466263787573,0.09596204849948116
166,13,NN2,Temp,50,0.9667666149094054,0.16184698632135774
167,13,NN2,UR,50,0.9241837485910137,0.2598000723502706
168,14,NN2,Pres,5,0.9909610642944715,0.0867335725536775
169,14,NN2,Temp,5,0.9720620391028081,0.1459339099767668
170,14,NN2,UR,5,0.9305344254518098,0.2662708430610571
171,14,NN2,Pres,10,0.9910124764401889,0.0937349890065601
172,14,NN2,Temp,10,0.9655097207010886,0.16084906453969067
173,14,NN2,UR,10,0.9364204909180893,0.24633103827968156
174,14,NN2,Pres,25,0.9890155951205497,0.10259598881001601
175,14,NN2,Temp,25,0.9648549320595946,0.16644565363689698
176,14,NN2,UR,25,0.9297997443135897,0.25128406165744
177,14,NN2,Pres,50,0.9897561531378534,0.09925558798847905
178,14,NN2,Temp,50,0.9623090297899354,0.170997860579035
179,14,NN2,UR,50,0.9294212516671531,0.2515974499368887
180,15,NN2,Pres,5,0.9912924535209762,0.08819916130384438
181,15,NN2,Temp,5,0.9720620391028081,0.1459339099767668
182,15,NN2,UR,5,0.9384621936757328,0.2413522164822311
183,15,NN2,Pres,10,0.9916631657946925,0.08776436933535824
184,15,NN2,Temp,10,0.9655097207010886,0.16084906453969067
185,15,NN2,UR,10,0.9247620507818659,0.2578111596247202
186,15,NN2,Pres,25,0.9908617412461731,0.09166430866392189
187,15,NN2,Temp,25,0.9648549320595946,0.16644565363689698
188,15,NN2,UR,25,0.9195027719030355,0.2661064224229719
189,15,NN2,Pres,50,0.9899063944120918,0.09689382103573
190,15,NN2,Temp,50,0.9623090297899354,0.170997860579035
191,15,NN2,UR,50,0.9210801803555612,0.26514064797726355
192,16,NN2,Pres,5,0.9933382491140789,0.08575446642278858
193,16,NN2,Temp,5,0.9664429167469578,0.16130461838170304
194,16,NN2,UR,5,0.9275486003610651,0.2671795628809877
195,16,NN2,Pres,10,0.9912059841582284,0.09104656727094292
196,16,NN2,Temp,10,0.9713651483049035,0.15330880913934247
197,16,NN2,UR,10,0.9223560339836999,0.259904399686115
198,16,NN2,Pres,25,0.9905434423941917,0.0958812213227414
199,16,NN2,Temp,25,0.9643785759507518,0.16655455418406595
200,16,NN2,UR,25,0.9278687119782288,0.2533028163770048
201,16,NN2,Pres,50,0.9906001306079674,0.09528212464410749
202,16,NN2,Temp,50,0.963933850454025,0.16636485942861506
203,16,NN2,UR,50,0.9277165909947159,0.2536880570737843
204,17,NN2,Pres,5,0.987642510679179,0.10884837410432892
205,17,NN2,Temp,5,0.9750334118032646,0.1390327363281416
206,17,NN2,UR,5,0.9305344254518098,0.2662708430610571
207,17,NN2,Pres,10,0.9872761722902169,0.11118800991397361
208,17,NN2,Temp,10,0.9576270824408349,0.1745796819536119
209,17,NN2,UR,10,0.9364204909180893,0.24633103827968156
210,17,NN2,Pres,25,0.9889229272021953,0.1051498914913463
211,17,NN2,Temp,25,0.9591285801076792,0.1766174556842131
212,17,NN2,UR,25,0.9297997443135897,0.25128406165744
213,17,NN2,Pres,50,0.9889017565675428,0.10412393626399205
214,17,NN2,Temp,50,0.9593854491430385,0.17682004000116786
215,17,NN2,UR,50,0.9294212516671531,0.2515974499368887
216,18,NN2,Pres,5,0.9884876372488186,0.10309512257660514
217,18,NN2,Temp,5,0.9747661587931633,0.1416205127665887
218,18,NN2,UR,5,0.9314028894932603,0.25412604312680565
219,18,NN2,Pres,10,0.9885959089371814,0.10625606325876391
220,18,NN2,Temp,10,0.9681198537576233,0.15736657116312722
221,18,NN2,UR,10,0.9328199592138635,0.24797863735498107
222,18,NN2,Pres,25,0.9904684722533038,0.09664636523507844
223,18,NN2,Temp,25,0.965643717698321,0.16230082049099467
224,18,NN2,UR,25,0.9270307094302267,0.25241828311751385
225,18,NN2,Pres,50,0.9901915892604062,0.09681370868336152
226,18,NN2,Temp,50,0.9653452424395393,0.16368372861142833
227,18,NN2,UR,50,0.9298484905737927,0.24941790124584726
228,19,NN2,Pres,5,0.989216675144466,0.09626115591851418
229,19,NN2,Temp,5,0.9684691469114887,0.15092709541455449
230,19,NN2,UR,5,0.9309587165308224,0.24874266297935269
231,19,NN2,Pres,10,0.9903000879313791,0.09433878592047096
232,19,NN2,Temp,10,0.9643001393588329,0.16672808864494967
233,19,NN2,UR,10,0.9227463953267263,0.26170672333855094
234,19,NN2,Pres,25,0.9898059129951293,0.09739665183396241
235,19,NN2,Temp,25,0.964628311445623,0.16588643582932194
236,19,NN2,UR,25,0.9252506161981939,0.250363573898728
237,19,NN2,Pres,50,0.9896666609196354,0.09831691307560815
238,19,NN2,Temp,50,0.9619864917705845,0.17176424926027076
239,19,NN2,UR,50,0.9262378219469057,0.25368166328874736
240,20,NN2,Pres,5,0.9908938399581605,0.08885089659676229
241,20,NN2,Temp,5,0.9653128737229493,0.15492399131312495
242,20,NN2,UR,5,0.9040713745192788,0.3101271258589392
243,20,NN2,Pres,10,0.9918181839429957,0.08882932271587231
244,20,NN2,Temp,10,0.968625035197902,0.1539649808449835
245,20,NN2,UR,10,0.9237587004471829,0.26379754114296816
246,20,NN2,Pres,25,0.990217974513195,0.09611649077384843
247,20,NN2,Temp,25,0.9658887628954482,0.1615939864101009
248,20,NN2,UR,25,0.9243210851850107,0.25751438156135087
249,20,NN2,Pres,50,0.9904338750032279,0.09469952425648819
250,20,NN2,Temp,50,0.9635864251180408,0.16776835424599704
251,20,NN2,UR,50,0.9223596130708611,0.26323844719201706
252,21,NN2,Pres,5,0.9920903597807377,0.09162237809725504
253,21,NN2,Temp,5,0.9462418870734381,0.20881575130067187
254,21,NN2,UR,5,0.9228341968673033,0.24851804282294207
255,21,NN2,Pres,10,0.9918641672416829,0.08986880744292226
256,21,NN2,Temp,10,0.9477239094867707,0.20179505074093612
257,21,NN2,UR,10,0.9196840608979596,0.26525590002386346
258,21,NN2,Pres,25,0.9914418394888989,0.09059778842969517
259,21,NN2,Temp,25,0.960703219238311,0.17505225595794022
260,21,NN2,UR,25,0.9206185396558701,0.264233238582816
261,21,NN2,Pres,50,0.9915552043518729,0.08986960547071614
262,21,NN2,Temp,50,0.9625252958701693,0.17156655680508395
263,21,NN2,UR,50,0.9239814901203067,0.2589224961802206
264,22,NN2,Pres,5,0.9893223319052247,0.10395214607477442
265,22,NN2,Temp,5,0.9758160857705138,0.1579420568415115
266,22,NN2,UR,5,0.9351001375167449,0.23920467549305596
267,22,NN2,Pres,10,0.9893032669516801,0.10013887248209447
268,22,NN2,Temp,10,0.9685226868707387,0.15970090486933802
269,22,NN2,UR,10,0.9266666866103703,0.25957386683023576
270,22,NN2,Pres,25,0.9900293559547712,0.09577381639164971
271,22,NN2,Temp,25,0.9645598738250465,0.16674952262106388
272,22,NN2,UR,25,0.9301425034883296,0.25251436517027
273,22,NN2,Pres,50,0.9904994424891891,0.0948974066581757
274,22,NN2,Temp,50,0.9645281444152785,0.16701623131336182
275,22,NN2,UR,50,0.9261534238981807,0.2582868815919869
276,23,NN2,Pres,5,0.9903522510196319,0.09376113738521002
277,23,NN2,Temp,5,0.9629336941250468,0.17465122735693198
278,23,NN2,UR,5,0.9239127409054319,0.2719727228972166
279,23,NN2,Pres,10,0.9885462979216495,0.1005631766618152
280,23,NN2,Temp,10,0.9574193657349286,0.17768630306439737
281,23,NN2,UR,10,0.930226754197263,0.2514262191498272
282,23,NN2,Pres,25,0.9890128770163824,0.10167375028668248
283,23,NN2,Temp,25,0.964221530330987,0.164058326455924
284,23,NN2,UR,25,0.9264451415523821,0.2551702292983994
285,23,NN2,Pres,50,0.9893070487655773,0.10058805468048784
286,23,NN2,Temp,50,0.963860802755294,0.16783497385440796
287,23,NN2,UR,50,0.9244177888874224,0.2584643667318586
288,24,NN2,Pres,5,0.991122567184958,0.09070251748409756
289,24,NN2,Temp,5,0.9655911099923408,0.16379623799840085
290,24,NN2,UR,5,0.9351001375167449,0.23920467549305596
291,24,NN2,Pres,10,0.9921696871378803,0.08884681058679215
292,24,NN2,Temp,10,0.9544560624766772,0.19791331495107073
293,24,NN2,UR,10,0.9266666866103703,0.25957386683023576
294,24,NN2,Pres,25,0.9910037396924943,0.09363988239147476
295,24,NN2,Temp,25,0.9618142737625717,0.17525202691226627
296,24,NN2,UR,25,0.9301425034883296,0.25251436517027
297,24,NN2,Pres,50,0.9904132699205659,0.09544555043680333
298,24,NN2,Temp,50,0.9615505917650152,0.17281493046169066
299,24,NN2,UR,50,0.9261534238981807,0.2582868815919869
300,25,NN2,Pres,5,0.9893223319052247,0.10395214607477442
301,25,NN2,Temp,5,0.9489046059560542,0.19974729249365544
302,25,NN2,UR,5,0.9222469964067775,0.25584361453953
303,25,NN2,Pres,10,0.9893032669516801,0.10013887248209447
304,25,NN2,Temp,10,0.9512730875294638,0.18917663996064538
305,25,NN2,UR,10,0.9282292231585546,0.24952663693893534
306,25,NN2,Pres,25,0.9900293559547712,0.09577381639164971
307,25,NN2,Temp,25,0.9582174616160208,0.17873831115009586
308,25,NN2,UR,25,0.9279562595269064,0.255477937433577
309,25,NN2,Pres,50,0.9904994424891891,0.0948974066581757
310,25,NN2,Temp,50,0.9612601136766923,0.1724758436567007
311,25,NN2,UR,50,0.9310770815217316,0.24816112004717644
312,26,NN2,Pres,5,0.9928832274527654,0.08707992851324624
313,26,NN2,Temp,5,0.9489046059560542,0.19974729249365544
314,26,NN2,UR,5,0.930227512861101,0.24641423143670113
315,26,NN2,Pres,10,0.9913427047107276,0.0934877113634361
316,26,NN2,Temp,10,0.9512730875294638,0.18917663996064538
317,26,NN2,UR,10,0.9365434016577022,0.23685100090326652
318,26,NN2,Pres,25,0.9902169523693324,0.09744423160078548
319,26,NN2,Temp,25,0.9582174616160208,0.17873831115009586
320,26,NN2,UR,25,0.9295936226548801,0.25557306430074367
321,26,NN2,Pres,50,0.9907778682328212,0.09432564518907444
322,26,NN2,Temp,50,0.9612601136766923,0.1724758436567007
323,26,NN2,UR,50,0.929259791054065,0.2529599288390738
324,27,NN2,Pres,5,0.9930315212219446,0.0811218892625629
325,27,NN2,Temp,5,0.9711987121028054,0.15640111665814987
326,27,NN2,UR,5,0.9313023428841924,0.24837663938284837
327,27,NN2,Pres,10,0.991905370350189,0.0903461396034595
328,27,NN2,Temp,10,0.963902670767624,0.16863600953554883
329,27,NN2,UR,10,0.9209731490561933,0.26404684368019643
330,27,NN2,Pres,25,0.9909124433496765,0.09373452123451188
331,27,NN2,Temp,25,0.9659813836400175,0.1642004150670511
332,27,NN2,UR,25,0.9230793272865079,0.25924561090402964
333,27,NN2,Pres,50,0.9909998838605134,0.09221169450782442
334,27,NN2,Temp,50,0.9633456414036092,0.16820640776044668
335,27,NN2,UR,50,0.920731398366456,0.26329688928195727
336,28,NN2,Pres,5,0.9901847627335522,0.09349048624651579
337,28,NN2,Temp,5,0.9497545776816514,0.19237161170441242
338,28,NN2,UR,5,0.9305344254518098,0.2662708430610571
339,28,NN2,Pres,10,0.9915894978681579,0.08942407457940603
340,28,NN2,Temp,10,0.9624126914336103,0.16863984046073735
341,28,NN2,UR,10,0.9364204909180893,0.24633103827968156
342,28,NN2,Pres,25,0.99024178440452,0.09608413526253926
343,28,NN2,Temp,25,0.9650620700322852,0.1626158834223926
344,28,NN2,UR,25,0.9297997443135897,0.25128406165744
345,28,NN2,Pres,50,0.9905471212622772,0.09535863634347388
346,28,NN2,Temp,50,0.961737311604903,0.17030965633811737
347,28,NN2,UR,50,0.9294212516671531,0.2515974499368887
348,29,NN2,Pres,5,0.9903542567234281,0.09118661764891571
349,29,NN2,Temp,5,0.9482697485899803,0.18758999602520746
350,29,NN2,UR,5,0.9309587165308224,0.24874266297935269
351,29,NN2,Pres,10,0.9905920379864529,0.09520809584330853
352,29,NN2,Temp,10,0.9615122018569122,0.169174337535994
353,29,NN2,UR,10,0.9227463953267263,0.26170672333855094
354,29,NN2,Pres,25,0.9890003447803455,0.10274750900212681
355,29,NN2,Temp,25,0.9570328994251219,0.18159255453619835
356,29,NN2,UR,25,0.9252506161981939,0.250363573898728
357,29,NN2,Pres,50,0.9894689947642795,0.10021578859179564
358,29,NN2,Temp,50,0.9588246139593528,0.17867472643280508
359,29,NN2,UR,50,0.9262378219469057,0.25368166328874736
360,30,NN2,Pres,5,0.9913946891497204,0.0898341898854797
361,30,NN2,Temp,5,0.9592822114879133,0.17467760655312486
362,30,NN2,UR,5,0.9259506278798377,0.25798702062366613
363,30,NN2,Pres,10,0.9906704979375519,0.09171656366709015
364,30,NN2,Temp,10,0.9576872605914785,0.17854336569105753
365,30,NN2,UR,10,0.9241009647611617,0.26973221998275443
366,30,NN2,Pres,25,0.9911973894413386,0.09106147011851101
367,30,NN2,Temp,25,0.9629496649869027,0.16874141323802924
368,30,NN2,UR,25,0.9190154251183927,0.27361115199697084
369,30,NN2,Pres,50,0.9906495843603893,0.09417156990913839
370,30,NN2,Temp,50,0.9627616463390731,0.17082960619676132
371,30,NN2,UR,50,0.9236831014120074,0.2626409256164617
372,31,NN2,Pres,5,0.9898260916802344,0.10389642815608977
373,31,NN2,Temp,5,0.9636735432752375,0.16254606618296
374,31,NN2,UR,5,0.9544758350607947,0.20705747209954956
375,31,NN2,Pres,10,0.9900977115152977,0.09755819092472633
376,31,NN2,Temp,10,0.9626156716323612,0.16503663271602995
377,31,NN2,UR,10,0.9358316208304955,0.2343632455630199
378,31,NN2,Pres,25,0.9899744320046345,0.096975423249765
379,31,NN2,Temp,25,0.961542294767428,0.16790613372876678
380,31,NN2,UR,25,0.93071280088594,0.25004317172208684
381,31,NN2,Pres,50,0.9901466263787573,0.09596204849948116
382,31,NN2,Temp,50,0.9614497672653095,0.17124927148454525
383,31,NN2,UR,50,0.9296367376838468,0.2513692748126754
384,32,NN2,Pres,5,0.989963957698673,0.0942007380893805
385,32,NN2,Temp,5,0.9643090744677515,0.15861548913585927
386,32,NN2,UR,5,0.9384621936757328,0.2413522164822311
387,32,NN2,Pres,10,0.9895602306207855,0.10103722629028661
388,32,NN2,Temp,10,0.9600046444238853,0.1776269052503797
389,32,NN2,UR,10,0.9247620507818659,0.2578111596247202
390,32,NN2,Pres,25,0.9907210216470428,0.09405168557011671
391,32,NN2,Temp,25,0.9637034739503098,0.16751576124519674
392,32,NN2,UR,25,0.9195027719030355,0.2661064224229719
393,32,NN2,Pres,50,0.9906737725494964,0.09381348461812418
394,32,NN2,Temp,50,0.9625665417555046,0.16973777660733752
395,32,NN2,UR,50,0.9210801803555612,0.26514064797726355
396,33,NN2,Pres,5,0.9882098852597009,0.09988703487589408
397,33,NN2,Temp,5,0.934602546132062,0.20966866922933863
398,33,NN2,UR,5,0.9379810054472736,0.24083676363605558
399,33,NN2,Pres,10,0.9902350246445157,0.09446371199110395
400,33,NN2,Temp,10,0.9628560679007901,0.17273757372474344
401,33,NN2,UR,10,0.9189622828757539,0.27138162192496934
402,33,NN2,Pres,25,0.9892750257636986,0.09994642446100412
403,33,NN2,Temp,25,0.9608429607620778,0.17471457759365608
404,33,NN2,UR,25,0.9227087549523089,0.26278694976690603
405,33,NN2,Pres,50,0.9895843965169112,0.09974543350877708
406,33,NN2,Temp,50,0.9599422513200273,0.17609242128917832
407,33,NN2,UR,50,0.9231993196408086,0.26073978623846084
408,34,NN2,Pres,5,0.9926070271176697,0.08879400839450961
409,34,NN2,Temp,5,0.9610211113851505,0.17620494038848372
410,34,NN2,UR,5,0.9517650761507738,0.20850345516827112
411,34,NN2,Pres,10,0.9888348740277109,0.10281378632506803
412,34,NN2,Temp,10,0.9683414658390206,0.1586495491449905
413,34,NN2,UR,10,0.9227871110783001,0.2540624675353373
414,34,NN2,Pres,25,0.990324792145561,0.09586630743737722
415,34,NN2,Temp,25,0.9645110620496984,0.16678116851704536
416,34,NN2,UR,25,0.9216435647070125,0.2597470040202519
417,34,NN2,Pres,50,0.9903629952822555,0.09569811988640103
418,34,NN2,Temp,50,0.9644437361555103,0.1661677348952189
419,34,NN2,UR,50,0.9230565436519753,0.2584680849631603
420,35,NN2,Pres,5,0.9920903597807377,0.09162237809725504
421,35,NN2,Temp,5,0.9653128737229493,0.15492399131312495
422,35,NN2,UR,5,0.9548752452386555,0.20531655979577274
423,35,NN2,Pres,10,0.9918641672416829,0.08986880744292226
424,35,NN2,Temp,10,0.968625035197902,0.1539649808449835
425,35,NN2,UR,10,0.933622762596555,0.24575872870839896
426,35,NN2,Pres,25,0.9914418394888989,0.09059778842969517
427,35,NN2,Temp,25,0.9658887628954482,0.1615939864101009
428,35,NN2,UR,25,0.9287001482026825,0.25459324362878744
429,35,NN2,Pres,50,0.9915552043518729,0.08986960547071614
430,35,NN2,Temp,50,0.9635864251180408,0.16776835424599704
431,35,NN2,UR,50,0.9254583655011588,0.256999335645609
432,36,NN2,Pres,5,0.9931012301644861,0.084664416524365
433,36,NN2,Temp,5,0.9684691469114887,0.15092709541455449
434,36,NN2,UR,5,0.8908520155453413,0.3019493436318564
435,36,NN2,Pres,10,0.98867516773502,0.10143068588803847
436,36,NN2,Temp,10,0.9643001393588329,0.16672808864494967
437,36,NN2,UR,10,0.9191978118819563,0.26620406887488335
438,36,NN2,Pres,25,0.9903367078262791,0.09608251527851777
439,36,NN2,Temp,25,0.964628311445623,0.16588643582932194
440,36,NN2,UR,25,0.9255729320754309,0.2573557042857003
441,36,NN2,Pres,50,0.9907482665007317,0.09393490257839333
442,36,NN2,Temp,50,0.9619864917705845,0.17176424926027076
443,36,NN2,UR,50,0.9252117362550157,0.2588228223136272
444,37,NN2,Pres,5,0.987642510679179,0.10884837410432892
445,37,NN2,Temp,5,0.9449437942177019,0.1992356392210658
446,37,NN2,UR,5,0.9195471505097017,0.26609481302487253
447,37,NN2,Pres,10,0.9872761722902169,0.11118800991397361
448,37,NN2,Temp,10,0.9637320698406007,0.16720179436097454
449,37,NN2,UR,10,0.9213318044620442,0.26345137013429243
450,37,NN2,Pres,25,0.9889229272021953,0.1051498914913463
451,37,NN2,Temp,25,0.9628739865160043,0.17003134759260227
452,37,NN2,UR,25,0.929066334667102,0.2534027628075469
453,37,NN2,Pres,50,0.9889017565675428,0.10412393626399205
454,37,NN2,Temp,50,0.9633506316843837,0.16904817006339043
455,37,NN2,UR,50,0.9297408367614609,0.25185915079493276
456,38,NN2,Pres,5,0.9926070271176697,0.08879400839450961
457,38,NN2,Temp,5,0.9753011029795202,0.14996400775942592
458,38,NN2,UR,5,0.905270707962429,0.2829009022197721
459,38,NN2,Pres,10,0.9888348740277109,0.10281378632506803
460,38,NN2,Temp,10,0.9576929011143964,0.18459291128934746
461,38,NN2,UR,10,0.9259841896109904,0.2597298566527845
462,38,NN2,Pres,25,0.990324792145561,0.09586630743737722
463,38,NN2,Temp,25,0.960934517109811,0.1770878151821006
464,38,NN2,UR,25,0.9241154845002414,0.261990423658831
465,38,NN2,Pres,50,0.9903629952822555,0.09569811988640103
466,38,NN2,Temp,50,0.9612023547431217,0.17358655511388857
467,38,NN2,UR,50,0.9252499528677732,0.2589623950669213
468,39,NN2,Pres,5,0.9902811345800226,0.09360276794623233
469,39,NN2,Temp,5,0.9420340371508801,0.1971840126375531
470,39,NN2,UR,5,0.9351001375167449,0.23920467549305596
471,39,NN2,Pres,10,0.9903405836662935,0.0939185692419701
472,39,NN2,Temp,10,0.9614619246074014,0.1687644808265348
473,39,NN2,UR,10,0.9266666866103703,0.25957386683023576
474,39,NN2,Pres,25,0.9901807722150752,0.09503230336745812
475,39,NN2,Temp,25,0.9658096547212495,0.16239093405015578
476,39,NN2,UR,25,0.9301425034883296,0.25251436517027
477,39,NN2,Pres,50,0.9906107427968609,0.09382856095692356
478,39,NN2,Temp,50,0.9648529906840776,0.1639553318628896
479,39,NN2,UR,50,0.9261534238981807,0.2582868815919869
480,40,NN2,Pres,5,0.9856858130901897,0.10452647573343499
481,40,NN2,Temp,5,0.9535679208094895,0.16350506364294637
482,40,NN2,UR,5,0.9286494759005836,0.2588343636506569
483,40,NN2,Pres,10,0.9891386431962236,0.09762722607239654
484,40,NN2,Temp,10,0.9519464865069898,0.18823855758997493
485,40,NN2,UR,10,0.9225956273026543,0.2663155288611305
486,40,NN2,Pres,25,0.9898779395790249,0.09585333233704038
487,40,NN2,Temp,25,0.9602065240620191,0.17375893469188292
488,40,NN2,UR,25,0.9181565359203402,0.27003298613183035
489,40,NN2,Pres,50,0.9901779186692679,0.09699569943583747
490,40,NN2,Temp,50,0.9603745243417932,0.1754301240117532
491,40,NN2,UR,50,0.9189452477741269,0.26782572487111495
492,41,NN2,Pres,5,0.9887623494233468,0.10059922445395704
493,41,NN2,Temp,5,0.9667611061583588,0.17407727965275424
494,41,NN2,UR,5,0.9252820027182016,0.2571689663983175
495,41,NN2,Pres,10,0.9900373889824732,0.09572428973880871
496,41,NN2,Temp,10,0.9626762736380442,0.17123557991222424
497,41,NN2,UR,10,0.9282698491169776,0.2550032773512257
498,41,NN2,Pres,25,0.9902512760111669,0.09709564624029775
499,41,NN2,Temp,25,0.9576919582833993,0.18077807827193526
500,41,NN2,UR,25,0.9302751168504446,0.25161189230818126
501,41,NN2,Pres,50,0.9899650091032156,0.09810913179344
502,41,NN2,Temp,50,0.9615646564247238,0.17302054337986583
503,41,NN2,UR,50,0.9289338116659318,0.2517551324135447
504,42,NN2,Pres,5,0.9879540723197304,0.1080309975816752
505,42,NN2,Temp,5,0.9696659054639022,0.14682798686188384
506,42,NN2,UR,5,0.9188278597208391,0.2646688007376291
507,42,NN2,Pres,10,0.9902338353469479,0.09750096567925498
508,42,NN2,Temp,10,0.9656508071882389,0.1632383633325104
509,42,NN2,UR,10,0.9208981780504853,0.2604911611422336
510,42,NN2,Pres,25,0.987830366920231,0.109963116443631
511,42,NN2,Temp,25,0.960704419952678,0.1740700653241967
512,42,NN2,UR,25,0.9148430190949144,0.27113111497508996
513,42,NN2,Pres,50,0.9891598342909572,0.10232317772151775
514,42,NN2,Temp,50,0.9622824197074145,0.17222527107196073
515,42,NN2,UR,50,0.9211004133412521,0.2635171454785515
516,43,NN2,Pres,5,0.9919887703466953,0.08897897415366214
517,43,NN2,Temp,5,0.9555692970170643,0.17989935706189214
518,43,NN2,UR,5,0.9295280207796414,0.2400575668629979
519,43,NN2,Pres,10,0.9916356372099518,0.08957088244307047
520,43,NN2,Temp,10,0.961618840589967,0.17382597970612823
521,43,NN2,UR,10,0.9298066428956983,0.2503633965628837
522,43,NN2,Pres,25,0.9910695044052078,0.09178535071875246
523,43,NN2,Temp,25,0.9592945247745163,0.17823517946881176
524,43,NN2,UR,25,0.927712620530365,0.2512131057088734
525,43,NN2,Pres,50,0.9909335537466727,0.09241781903073336
526,43,NN2,Temp,50,0.9626045402631384,0.17087348113142192
527,43,NN2,UR,50,0.9282483934564488,0.25243277472928194
528,44,NN2,Pres,5,0.9882098852597009,0.09988703487589408
529,44,NN2,Temp,5,0.9667611061583588,0.17407727965275424
530,44,NN2,UR,5,0.9259506278798377,0.25798702062366613
531,44,NN2,Pres,10,0.9902350246445157,0.09446371199110395
532,44,NN2,Temp,10,0.9626762736380442,0.17123557991222424
533,44,NN2,UR,10,0.9241009647611617,0.26973221998275443
534,44,NN2,Pres,25,0.9892750257636986,0.09994642446100412
535,44,NN2,Temp,25,0.9576919582833993,0.18077807827193526
536,44,NN2,UR,25,0.9190154251183927,0.27361115199697084
537,44,NN2,Pres,50,0.9895843965169112,0.09974543350877708
538,44,NN2,Temp,50,0.9615646564247238,0.17302054337986583
539,44,NN2,UR,50,0.9236831014120074,0.2626409256164617
540,45,NN2,Pres,5,0.9882538707423695,0.09215033343652512
541,45,NN2,Temp,5,0.9110175630041916,0.267240857954455
542,45,NN2,UR,5,0.9497056582859484,0.21631056632534115
543,45,NN2,Pres,10,0.9892543403682054,0.09366960201094769
544,45,NN2,Temp,10,0.9019826173640593,0.2863924399785444
545,45,NN2,UR,10,0.9437886270192317,0.229080116385391
546,45,NN2,Pres,25,0.9902532658451825,0.09576264145395114
547,45,NN2,Temp,25,0.8951541652688229,0.2882753159262049
548,45,NN2,UR,25,0.9323330079944803,0.2465262437681544
549,45,NN2,Pres,50,0.9902010786165858,0.09622559886702634
550,45,NN2,Temp,50,0.898347003310668,0.28382002851287785
551,45,NN2,UR,50,0.9291563502804885,0.25005079580035766
552,46,NN2,Pres,5,0.9911570661064506,0.08989379688937713
553,46,NN2,Temp,5,0.9664429167469578,0.16130461838170304
554,46,NN2,UR,5,0.9309587165308224,0.24874266297935269
555,46,NN2,Pres,10,0.9908923585220899,0.09696246945911853
556,46,NN2,Temp,10,0.9713651483049035,0.15330880913934247
557,46,NN2,UR,10,0.9227463953267263,0.26170672333855094
558,46,NN2,Pres,25,0.9908231576941093,0.09405375705682921
559,46,NN2,Temp,25,0.9643785759507518,0.16655455418406595
560,46,NN2,UR,25,0.9252506161981939,0.250363573898728
561,46,NN2,Pres,50,0.9906728570299366,0.09428387626247492
562,46,NN2,Temp,50,0.963933850454025,0.16636485942861506
563,46,NN2,UR,50,0.9262378219469057,0.25368166328874736
564,47,NN2,Pres,5,0.9890874489221316,0.09889623923211438
565,47,NN2,Temp,5,0.9750334118032646,0.1390327363281416
566,47,NN2,UR,5,0.9396563205320031,0.2356109687279903
567,47,NN2,Pres,10,0.9903240371257608,0.09142408293647045
568,47,NN2,Temp,10,0.9576270824408349,0.1745796819536119
569,47,NN2,UR,10,0.930272277427004,0.24044330473874226
570,47,NN2,Pres,25,0.989756033863561,0.09660195995236262
571,47,NN2,Temp,25,0.9591285801076792,0.1766174556842131
572,47,NN2,UR,25,0.9243612725710776,0.25590349639880156
573,47,NN2,Pres,50,0.9907271306807532,0.09323434372907402
574,47,NN2,Temp,50,0.9593854491430385,0.17682004000116786
575,47,NN2,UR,50,0.9257262513214157,0.25631905902211316
576,48,NN2,Pres,5,0.9815222520087378,0.13179035985250376
577,48,NN2,Temp,5,0.9763044914841394,0.13116876726855542
578,48,NN2,UR,5,0.946167563981543,0.23039885997978704
579,48,NN2,Pres,10,0.9894044911593357,0.10192805089523739
580,48,NN2,Temp,10,0.9655164348070147,0.16517887370210105
581,48,NN2,UR,10,0.942438581265543,0.23137295685317733
582,48,NN2,Pres,25,0.9883749455260422,0.10399310476295873
583,48,NN2,Temp,25,0.9607032438847339,0.17497445271777157
584,48,NN2,UR,25,0.9350563454198555,0.24585474941196844
585,48,NN2,Pres,50,0.9896763823812851,0.09865727866240885
586,48,NN2,Temp,50,0.9606693074369035,0.17360671485618046
587,48,NN2,UR,50,0.9306247304951913,0.24948109434385396
588,49,NN2,Pres,5,0.9884876372488186,0.10309512257660514
589,49,NN2,Temp,5,0.9741518150471102,0.16146947837320902
590,49,NN2,UR,5,0.9309587165308224,0.24874266297935269
591,49,NN2,Pres,10,0.9885959089371814,0.10625606325876391
592,49,NN2,Temp,10,0.9641017459732519,0.17503831072104087
593,49,NN2,UR,10,0.9227463953267263,0.26170672333855094
594,49,NN2,Pres,25,0.9904684722533038,0.09664636523507844
595,49,NN2,Temp,25,0.9635114263481697,0.17148785948527065
596,49,NN2,UR,25,0.9252506161981939,0.250363573898728
597,49,NN2,Pres,50,0.9901915892604062,0.09681370868336152
598,49,NN2,Temp,50,0.9601741048556852,0.1774263030099287
599,49,NN2,UR,50,0.9262378219469057,0.25368166328874736
